Year,Demand,Acutal Forecast(H*F)
2007,800,614.3443613
2007,750,676.6740692
2007,600,369.2166051
2007,1500,983.3326724
2008,1700,853.3445542
2008,1100,1030.569502
2008,680,643.5009058
2008,2000,1307.453924
2009,2100,1137.000829
2009,2200,1349.257293
2009,1300,1115.728628
2009,3100,1925.982365
2010,2400,1693.326524
2010,3060,1669.264632
2010,1800,1695.575218
2010,4000,2264.745321
2011,3600,2051.733986
2011,3900,2006.885938
2011,1500,2355.154644
2011,3320,2354.526665